year,predicted_count,lower_bound,upper_bound
2025,27.726028140548387,-3.212325528974403,93.35274046664902
