year,predicted_count,lower_bound,upper_bound
2024,43.204163978191694,-3.0064042618738522,89.04460521331232
2025,43.45205628109677,-3.212325528974403,93.35274046664902
